[{"hash":"0x06843DA7060A026B","ctx":{"type":"Entity","idx":0},"args":[{"translate":true,"type":"Entity"},{"type":"float"},{"type":"float"},{"type":"float"},{"type":"BOOL"},{"type":"BOOL"},{"type":"BOOL"},{"type":"BOOL"}],"name":"SET_ENTITY_COORDS","getter":{"returnType":"Vector3","name":"GET_ENTITY_COORDS","returnArgStart":1},"type":"ctx"},{"hash":"0x8524A8B0171D5E07","ctx":{"type":"Entity","idx":0},"args":[{"translate":true,"type":"Entity"},{"type":"float"},{"type":"float"},{"type":"float"},{"type":"int"},{"type":"BOOL"}],"name":"SET_ENTITY_ROTATION","type":"ctx"},{"hash":"0x1C99BB7B6E96D16F","ctx":{"type":"Entity","idx":0},"args":[{"translate":true,"type":"Entity"},{"type":"float"},{"type":"float"},{"type":"float"}],"name":"SET_ENTITY_VELOCITY","type":"ctx"},{"hash":"0x8E2530AA8ADA980E","ctx":{"type":"Entity","idx":0},"args":[{"translate":true,"type":"Entity"},{"type":"float"}],"name":"SET_ENTITY_HEADING","type":"ctx"},{"hash":"0x428CA6DBD1094446","ctx":{"type":"Entity","idx":0},"args":[{"translate":true,"type":"Entity"},{"type":"BOOL"}],"name":"FREEZE_ENTITY_POSITION","type":"ctx"},{"hash":"0xC5F68BE9613E2D18","ctx":{"type":"Entity","idx":0},"args":[{"translate":true,"type":"Entity"},{"type":"int"},{"type":"float"},{"type":"float"},{"type":"float"},{"type":"float"},{"type":"float"},{"type":"float"},{"type":"int"},{"type":"BOOL"},{"type":"BOOL"},{"type":"BOOL"},{"type":"BOOL"},{"type":"BOOL"}],"name":"APPLY_FORCE_TO_ENTITY","type":"ctx"},{"hash":"0x00A1CADD00108836","ctx":{"type":"Player","idx":0},"args":[{"translate":true,"type":"Player"},{"type":"Hash"}],"name":"SET_PLAYER_MODEL","type":"ctx"},{"hash":"0x8D32347D6D4C40A2","ctx":{"type":"Player","idx":0},"args":[{"translate":true,"type":"Player"},{"type":"BOOL"},{"type":"int"}],"name":"SET_PLAYER_CONTROL","type":"ctx"},{"hash":"0x239528EACDC3E7DE","ctx":{"type":"Player","idx":0},"args":[{"translate":true,"type":"Player"},{"type":"BOOL"}],"name":"SET_PLAYER_INVINCIBLE","type":"ctx"},{"hash":"0x39FF19C64EF7DA5B","ctx":{"type":"Player","idx":0},"args":[{"translate":true,"type":"Player"},{"type":"int"},{"type":"BOOL"}],"name":"SET_PLAYER_WANTED_LEVEL","type":"ctx"},{"hash":"0xB302540597885499","ctx":{"type":"Player","idx":0},"args":[{"translate":true,"type":"Player"}],"name":"CLEAR_PLAYER_WANTED_LEVEL","type":"ctx"},{"hash":"0xD49F9B0955C367DE","name":"CREATE_PED","type":"entity","args":[{"type":"int"},{"type":"Hash"},{"type":"float"},{"type":"float"},{"type":"float"},{"type":"float"},{"type":"BOOL"},{"type":"BOOL"}]},{"hash":"0x7DD959874C1FD534","name":"CREATE_PED_INSIDE_VEHICLE","type":"entity","args":[{"translate":true,"type":"Entity"},{"type":"int"},{"type":"Hash"},{"type":"int"},{"type":"BOOL"},{"type":"BOOL"}]},{"hash":"0x5F5D1665E352A839","ctx":{"type":"Entity","idx":0},"args":[{"translate":true,"type":"Entity"},{"type":"Hash"},{"type":"Hash"}],"name":"ADD_PED_DECORATION_FROM_HASHES","type":"ctx"},{"hash":"0xF75B0D629E1C063D","ctx":{"type":"Entity","idx":0},"args":[{"translate":true,"type":"Entity"},{"translate":true,"type":"Entity"},{"type":"int"}],"name":"SET_PED_INTO_VEHICLE","type":"ctx"},{"hash":"0x9414E18B9434C2FE","ctx":{"type":"Entity","idx":0},"args":[{"translate":true,"type":"Entity"},{"type":"int"},{"type":"int"},{"type":"int"},{"type":"int"},{"type":"int"},{"type":"int"},{"type":"float"},{"type":"float"},{"type":"float"},{"type":"BOOL"}],"name":"SET_PED_HEAD_BLEND_DATA","type":"ctx"},{"hash":"0x48F44967FA05CC1E","ctx":{"type":"Entity","idx":0},"args":[{"translate":true,"type":"Entity"},{"type":"int"},{"type":"int"},{"type":"float"}],"name":"SET_PED_HEAD_OVERLAY","type":"ctx"},{"hash":"0x4CFFC65454C93A49","ctx":{"type":"Entity","idx":0},"args":[{"translate":true,"type":"Entity"},{"type":"int"},{"type":"int"}],"name":"_SET_PED_HAIR_COLOR","type":"ctx"},{"hash":"0x497BF74A7B9CB952","ctx":{"type":"Entity","idx":0},"args":[{"translate":true,"type":"Entity"},{"type":"int"},{"type":"int"},{"type":"int"},{"type":"int"}],"name":"_SET_PED_HEAD_OVERLAY_COLOR","type":"ctx"},{"hash":"0x50B56988B170AFDF","ctx":{"type":"Entity","idx":0},"args":[{"translate":true,"type":"Entity"},{"type":"int"}],"name":"_SET_PED_EYE_COLOR","type":"ctx"},{"hash":"0x71A5C1DBA060049E","ctx":{"type":"Entity","idx":0},"args":[{"translate":true,"type":"Entity"},{"type":"int"},{"type":"float"}],"name":"_SET_PED_FACE_FEATURE","type":"ctx"},{"hash":"0x45EEE61580806D63","ctx":{"type":"Entity","idx":0},"args":[{"translate":true,"type":"Entity"}],"name":"SET_PED_DEFAULT_COMPONENT_VARIATION","type":"ctx"},{"hash":"0xC8A9481A01E63C28","ctx":{"type":"Entity","idx":0},"args":[{"translate":true,"type":"Entity"},{"type":"int"}],"name":"SET_PED_RANDOM_COMPONENT_VARIATION","type":"ctx"},{"hash":"0x262B14F48D29DE80","ctx":{"type":"Entity","idx":0},"args":[{"translate":true,"type":"Entity"},{"type":"int"},{"type":"int"},{"type":"int"},{"type":"int"}],"name":"SET_PED_COMPONENT_VARIATION","type":"ctx"},{"hash":"0x0943E5B8E078E76E","ctx":{"type":"Entity","idx":0},"args":[{"translate":true,"type":"Entity"},{"type":"int"}],"name":"CLEAR_PED_PROP","type":"ctx"},{"hash":"0xC44AA05345C992C6","ctx":{"type":"Entity","idx":0},"args":[{"translate":true,"type":"Entity"}],"name":"SET_PED_RANDOM_PROPS","type":"ctx"},{"hash":"0x93376B65A266EB5F","ctx":{"type":"Entity","idx":0},"args":[{"translate":true,"type":"Entity"},{"type":"int"},{"type":"int"},{"type":"int"},{"type":"BOOL"}],"name":"SET_PED_PROP_INDEX","type":"ctx"},{"hash":"0xCEA04D83135264CC","ctx":{"type":"Entity","idx":0},"args":[{"translate":true,"type":"Entity"},{"type":"int"}],"name":"SET_PED_ARMOUR","type":"ctx"},{"hash":"0xB128377056A54E2A","ctx":{"type":"Entity","idx":0},"args":[{"translate":true,"type":"Entity"},{"type":"BOOL"}],"name":"SET_PED_CAN_RAGDOLL","type":"ctx"},{"hash":"0x1913FE4CBF41C463","ctx":{"type":"Entity","idx":0},"args":[{"translate":true,"type":"Entity"},{"type":"int"},{"type":"BOOL"}],"name":"SET_PED_CONFIG_FLAG","type":"ctx"},{"hash":"0xC1E8A365BF3B29F2","ctx":{"type":"Entity","idx":0},"args":[{"translate":true,"type":"Entity"},{"type":"int"},{"type":"BOOL"}],"name":"SET_PED_RESET_FLAG","type":"ctx"},{"hash":"0xAE99FB955581844A","ctx":{"type":"Entity","idx":0},"args":[{"translate":true,"type":"Entity"},{"type":"int"},{"type":"int"},{"type":"int"},{"type":"BOOL"},{"type":"BOOL"},{"type":"BOOL"}],"name":"SET_PED_TO_RAGDOLL","type":"ctx"},{"hash":"0xD76632D99E4966C8","ctx":{"type":"Entity","idx":0},"args":[{"translate":true,"type":"Entity"},{"type":"int"},{"type":"int"},{"type":"int"},{"type":"float"},{"type":"float"},{"type":"float"},{"type":"float"},{"type":"float"},{"type":"float"},{"type":"float"},{"type":"float"},{"type":"float"},{"type":"float"}],"name":"SET_PED_TO_RAGDOLL_WITH_FALL","type":"ctx"},{"hash":"0xBF0FD6E56C964FCB","ctx":{"type":"Entity","idx":0},"args":[{"translate":true,"type":"Entity"},{"type":"Hash"},{"type":"int"},{"type":"BOOL"},{"type":"BOOL"}],"name":"GIVE_WEAPON_TO_PED","type":"ctx"},{"hash":"0xD966D51AA5B28BB9","ctx":{"type":"Entity","idx":0},"args":[{"translate":true,"type":"Entity"},{"type":"Hash"},{"type":"Hash"}],"name":"GIVE_WEAPON_COMPONENT_TO_PED","type":"ctx"},{"hash":"0x4899CB088EDF59B8","ctx":{"type":"Entity","idx":0},"args":[{"translate":true,"type":"Entity"},{"type":"Hash"}],"name":"REMOVE_WEAPON_FROM_PED","type":"ctx"},{"hash":"0xF25DF915FA38C5F3","ctx":{"type":"Entity","idx":0},"args":[{"translate":true,"type":"Entity"},{"type":"BOOL"}],"name":"REMOVE_ALL_PED_WEAPONS","type":"ctx"},{"hash":"0x1E8BE90C74FB4C09","ctx":{"type":"Entity","idx":0},"args":[{"translate":true,"type":"Entity"},{"type":"Hash"},{"type":"Hash"}],"name":"REMOVE_WEAPON_COMPONENT_FROM_PED","type":"ctx"},{"hash":"0xADF692B254977C0C","ctx":{"type":"Entity","idx":0},"args":[{"translate":true,"type":"Entity"},{"type":"Hash"},{"type":"BOOL"}],"name":"SET_CURRENT_PED_WEAPON","type":"ctx"},{"hash":"0x14E56BC5B5DB6A19","ctx":{"type":"Entity","idx":0},"args":[{"translate":true,"type":"Entity"},{"type":"Hash"},{"type":"int"}],"name":"SET_PED_AMMO","type":"ctx"},{"hash":"0x72C896464915D1B1","ctx":{"type":"Entity","idx":0},"args":[{"translate":true,"type":"Entity"},{"translate":true,"type":"Entity"}],"name":"TASK_REACT_AND_FLEE_PED","type":"ctx"},{"hash":"0x46A6CC01E0826106","ctx":{"type":"Entity","idx":0},"args":[{"translate":true,"type":"Entity"},{"type":"float"},{"type":"float"},{"type":"float"},{"type":"int"},{"type":"Hash"}],"name":"TASK_SHOOT_AT_COORD","type":"ctx"},{"hash":"0x08DA95E8298AE772","ctx":{"type":"Entity","idx":0},"args":[{"translate":true,"type":"Entity"},{"translate":true,"type":"Entity"},{"type":"int"},{"type":"Hash"}],"name":"TASK_SHOOT_AT_ENTITY","type":"ctx"},{"hash":"0xF166E48407BAC484","ctx":{"type":"Entity","idx":0},"args":[{"translate":true,"type":"Entity"},{"translate":true,"type":"Entity"},{"type":"int"},{"type":"int"}],"name":"TASK_COMBAT_PED","type":"ctx"},{"hash":"0x2F8AF0E82773A171","ctx":{"type":"Entity","idx":0},"args":[{"translate":true,"type":"Entity"},{"translate":true,"type":"Entity"},{"translate":true,"type":"Entity"},{"type":"float"},{"type":"float"},{"type":"float"},{"type":"float"},{"type":"int"},{"type":"BOOL"},{"type":"Hash"}],"name":"TASK_DRIVE_BY","type":"ctx"},{"hash":"0xC20E50AA46D09CA8","ctx":{"type":"Entity","idx":0},"args":[{"translate":true,"type":"Entity"},{"translate":true,"type":"Entity"},{"type":"int"},{"type":"int"},{"type":"float"},{"type":"int"},{"type":"Any"}],"name":"TASK_ENTER_VEHICLE","type":"ctx"},{"hash":"0x9A7D091411C5F684","ctx":{"type":"Entity","idx":0},"args":[{"translate":true,"type":"Entity"},{"translate":true,"type":"Entity"},{"type":"int"}],"name":"TASK_WARP_PED_INTO_VEHICLE","type":"ctx"},{"hash":"0xF2EAB31979A7F910","ctx":{"type":"Entity","idx":0},"args":[{"translate":true,"type":"Entity"},{"type":"int"},{"translate":true,"type":"Entity"},{"type":"int"},{"type":"BOOL"}],"name":"TASK_HANDS_UP","type":"ctx"},{"hash":"0xEA47FE3719165B94","ctx":{"type":"Entity","idx":0},"args":[{"translate":true,"type":"Entity"},{"type":"charPtr"},{"type":"charPtr"},{"type":"float"},{"type":"float"},{"type":"int"},{"type":"int"},{"type":"float"},{"type":"BOOL"},{"type":"BOOL"},{"type":"BOOL"}],"name":"TASK_PLAY_ANIM","type":"ctx"},{"hash":"0x83CDB10EA29B370B","ctx":{"type":"Entity","idx":0},"args":[{"translate":true,"type":"Entity"},{"type":"charPtr"},{"type":"charPtr"},{"type":"float"},{"type":"float"},{"type":"float"},{"type":"float"},{"type":"float"},{"type":"float"},{"type":"float"},{"type":"float"},{"type":"int"},{"type":"Any"},{"type":"float"},{"type":"Any"},{"type":"Any"}],"name":"TASK_PLAY_ANIM_ADVANCED","type":"ctx"},{"hash":"0xE1EF3C1216AFF2CD","ctx":{"type":"Entity","idx":0},"args":[{"translate":true,"type":"Entity"}],"name":"CLEAR_PED_TASKS","type":"ctx"},{"hash":"0xAAA34F8A7CB32098","ctx":{"type":"Entity","idx":0},"args":[{"translate":true,"type":"Entity"}],"name":"CLEAR_PED_TASKS_IMMEDIATELY","type":"ctx"},{"hash":"0x176CECF6F920D707","ctx":{"type":"Entity","idx":0},"args":[{"translate":true,"type":"Entity"}],"name":"CLEAR_PED_SECONDARY_TASK","type":"ctx"},{"hash":"0x7F93691AB4B92272","ctx":{"type":"Entity","idx":0},"args":[{"translate":true,"type":"Entity"}],"name":"TASK_EVERYONE_LEAVE_VEHICLE","type":"ctx"},{"hash":"0x504D54DF3F6F2247","ctx":{"type":"Entity","idx":0},"args":[{"translate":true,"type":"Entity"},{"type":"int"},{"type":"int"}],"name":"TASK_LEAVE_ANY_VEHICLE","type":"ctx"},{"hash":"0xD3DBCE61A490BE02","ctx":{"type":"Entity","idx":0},"args":[{"translate":true,"type":"Entity"},{"translate":true,"type":"Entity"},{"type":"int"}],"name":"TASK_LEAVE_VEHICLE","type":"ctx"},{"hash":"0xD76B57B44F1E6F8B","ctx":{"type":"Entity","idx":0},"args":[{"translate":true,"type":"Entity"},{"type":"float"},{"type":"float"},{"type":"float"},{"type":"float"},{"type":"int"},{"type":"float"},{"type":"float"}],"name":"TASK_GO_STRAIGHT_TO_COORD","type":"ctx"},{"hash":"0x5BC448CB78FA3E88","ctx":{"type":"Entity","idx":0},"args":[{"translate":true,"type":"Entity"},{"type":"float"},{"type":"float"},{"type":"float"},{"type":"float"},{"type":"Any"},{"type":"BOOL"},{"type":"int"},{"type":"float"}],"name":"TASK_GO_TO_COORD_ANY_MEANS","type":"ctx"},{"hash":"0x6A071245EB0D1882","ctx":{"type":"Entity","idx":0},"args":[{"translate":true,"type":"Entity"},{"translate":true,"type":"Entity"},{"type":"int"},{"type":"float"},{"type":"float"},{"type":"float"},{"type":"int"}],"name":"TASK_GO_TO_ENTITY","type":"ctx"},{"hash":"0xAF35D0D2583051B0","name":"CREATE_VEHICLE","type":"entity","args":[{"type":"Hash"},{"type":"float"},{"type":"float"},{"type":"float"},{"type":"float"},{"type":"BOOL"},{"type":"BOOL"}]},{"hash":"0xCDE5E70C1DDB954C","ctx":{"type":"Entity","idx":0},"args":[{"translate":true,"type":"Entity"},{"type":"BOOL"}],"name":"SET_VEHICLE_ALARM","type":"ctx"},{"hash":"0xB77D05AC8C78AADB","ctx":{"type":"Entity","idx":0},"args":[{"translate":true,"type":"Entity"},{"type":"float"}],"name":"SET_VEHICLE_BODY_HEALTH","type":"ctx"},{"hash":"0x4F1D4BE3A7F24601","ctx":{"type":"Entity","idx":0},"args":[{"translate":true,"type":"Entity"},{"type":"int"},{"type":"int"}],"name":"SET_VEHICLE_COLOURS","type":"ctx"},{"hash":"0x33E8CD3322E2FE31","ctx":{"type":"Entity","idx":0},"args":[{"translate":true,"type":"Entity"},{"type":"int"}],"name":"SET_VEHICLE_COLOUR_COMBINATION","type":"ctx"},{"hash":"0x7141766F91D15BEA","ctx":{"type":"Entity","idx":0},"args":[{"translate":true,"type":"Entity"},{"type":"int"},{"type":"int"},{"type":"int"}],"name":"SET_VEHICLE_CUSTOM_PRIMARY_COLOUR","type":"ctx"},{"hash":"0x36CED73BFED89754","ctx":{"type":"Entity","idx":0},"args":[{"translate":true,"type":"Entity"},{"type":"int"},{"type":"int"},{"type":"int"}],"name":"SET_VEHICLE_CUSTOM_SECONDARY_COLOUR","type":"ctx"},{"hash":"0x79D3B596FE44EE8B","ctx":{"type":"Entity","idx":0},"args":[{"translate":true,"type":"Entity"},{"type":"float"}],"name":"SET_VEHICLE_DIRT_LEVEL","type":"ctx"},{"hash":"0xD4D4F6A4AB575A33","ctx":{"type":"Entity","idx":0},"args":[{"translate":true,"type":"Entity"},{"type":"int"},{"type":"BOOL"}],"name":"SET_VEHICLE_DOOR_BROKEN","type":"ctx"},{"hash":"0x95A88F0B409CDA47","ctx":{"type":"Entity","idx":0},"args":[{"translate":true,"type":"Entity"},{"type":"charPtr"}],"name":"SET_VEHICLE_NUMBER_PLATE_TEXT","type":"ctx"},{"hash":"0xB664292EAECF7FA6","ctx":{"type":"Entity","idx":0},"args":[{"translate":true,"type":"Entity"},{"type":"int"}],"name":"SET_VEHICLE_DOORS_LOCKED","type":"ctx"},{"hash":"0x509D5878EB39E842","name":"CREATE_OBJECT","type":"entity","args":[{"type":"Hash"},{"type":"float"},{"type":"float"},{"type":"float"},{"type":"BOOL"},{"type":"BOOL"},{"type":"BOOL"}]},{"hash":"0x9A294B2138ABB884","name":"CREATE_OBJECT_NO_OFFSET","type":"entity","args":[{"type":"Hash"},{"type":"float"},{"type":"float"},{"type":"float"},{"type":"BOOL"},{"type":"BOOL"},{"type":"BOOL"}]},{"hash":"0xCE5D0E5E315DB238","name":"_ADD_BLIP_FOR_AREA","type":"object","args":[{"type":"float"},{"type":"float"},{"type":"float"},{"type":"float"},{"type":"float"}]},{"hash":"0x5A039BB0BCA604B6","name":"ADD_BLIP_FOR_COORD","type":"object","args":[{"type":"float"},{"type":"float"},{"type":"float"}]},{"hash":"0x46818D79B1F7499A","name":"ADD_BLIP_FOR_RADIUS","type":"object","args":[{"type":"float"},{"type":"float"},{"type":"float"},{"type":"float"}]},{"hash":"0x5CDE92C702A8FCE7","name":"ADD_BLIP_FOR_ENTITY","type":"object","args":[{"translate":true,"type":"Entity"}]},{"hash":"0xDF735600A4696DAF","ctx":{"type":"ObjRef","idx":0},"args":[{"translate":true,"type":"ObjRef"},{"type":"int"}],"name":"SET_BLIP_SPRITE","getter":{"returnType":"int","name":"GET_BLIP_SPRITE","returnArgStart":1},"type":"ctx"},{"hash":"0x86A652570E5F25DD","ctx":{"type":"ObjDel","idx":0},"args":[{"translate":true,"type":"ObjDel"}],"name":"REMOVE_BLIP","type":"ctx"}]
